lambda_rec,lambda_rep,lambda_grad,lambda_res,accuracy
0,0,0,0,0.7977678775787354
0,1,0,0,0.7911607027053833
0,0,1,0,0.7442857027053833
0,1,1,0,0.7434821724891663
1,0,0,0,0.8201339244842529
1,1,1,0,0.7616071701049805
1,1,1,1,0.7453571557998657
