lambda_rec,lambda_rep,lambda_grad,lambda_res,accuracy
0,0,0,0,0.844910740852356
0,1,0,0,0.8773660659790039
0,0,1,0,0.8341964483261108
0,1,1,0,0.8332589268684387
1,0,0,0,0.8671428561210632
1,1,1,0,0.8240625262260437
1,1,1,1,0.8221428394317627
