lambda_rec,lambda_rep,lambda_grad,lambda_res,accuracy
0,0,0,0,70.15333128
0,1,0,0,72.35333276
0,0,1,0,73.23333573
0,1,1,0,72.5799973
1,0,0,0,78.32666588
1,1,1,0,81.23333406
1,1,1,1,
