lambda_rec,lambda_rep,lambda_grad,lambda_res,accuracy
0,0,0,0,0.8488888740539551
0,1,0,0,0.8531110882759094
0,0,1,0,0.8404444456100464
0,1,1,0,0.8556666374206543
1,0,0,0,0.8578888773918152
1,1,1,0,0.8033333420753479
1,1,1,1,0.8253333568572998
