lambda_rec,lambda_rep,lambda_grad,lambda_res,accuracy
0,0,0,0,85.13631582
0,1,0,0,85.65591335
0,0,1,0,84.03297424
0,1,1,0,85.60459375
1,0,0,0,87.95240283
1,1,1,0,88.04220915
1,1,1,1,89.23535705
