lambda_rec,lambda_rep,lambda_grad,lambda_res,accuracy
0.083333333,0.083333333,0.083333333,0,0.878482122
0.083333333,0.083333333,0.083333333,1,0.823348224
