,attr_id,seen_obj_acc,unseen_obj_acc,total_obj_acc
Load1,0.0,0.9916666666666667,,0.9916666666666667
Load2,1.0,,0.845,0.845
Load3,2.0,,0.99,0.99
Load4,3.0,,0.8393333333333334,0.8393333333333334
